customer_id,order_count,total_sales,city,customer_label
117.0,5,4100000,성남,Customer 117.0
102.0,4,3996000,고양,Customer 102.0
83.0,4,3880000,수원,Customer 83.0
30.0,5,3590000,서울,Customer 30.0
40.0,4,3523000,서울,Customer 40.0
20.0,2,3191000,인천,Customer 20.0
3.0,2,3178000,성남,Customer 3.0
111.0,3,3153000,광주,Customer 111.0
66.0,4,3093000,서울,Customer 66.0
147.0,2,2990000,부산,Customer 147.0
18.0,3,2960000,고양,Customer 18.0
105.0,3,2837000,광주,Customer 105.0
38.0,2,2834000,울산,Customer 38.0
60.0,2,2812000,성남,Customer 60.0
24.0,4,2419000,대전,Customer 24.0
56.0,3,2411000,인천,Customer 56.0
32.0,2,2389000,고양,Customer 32.0
106.0,2,2343000,부산,Customer 106.0
128.0,2,2330000,고양,Customer 128.0
107.0,2,2325000,고양,Customer 107.0
135.0,2,2170000,대구,Customer 135.0
37.0,2,2122000,고양,Customer 37.0
65.0,3,2107000,인천,Customer 65.0
16.0,2,2058000,부산,Customer 16.0
87.0,2,2022000,울산,Customer 87.0
5.0,2,2004000,부산,Customer 5.0
126.0,3,1961000,서울,Customer 126.0
114.0,3,1956000,성남,Customer 114.0
130.0,2,1942000,대전,Customer 130.0
23.0,1,1931000,대전,Customer 23.0
33.0,2,1913000,수원,Customer 33.0
43.0,1,1863000,고양,Customer 43.0
90.0,3,1831000,울산,Customer 90.0
78.0,3,1829000,울산,Customer 78.0
63.0,2,1675000,대전,Customer 63.0
144.0,1,1626000,광주,Customer 144.0
77.0,2,1625000,서울,Customer 77.0
50.0,2,1620000,광주,Customer 50.0
108.0,3,1591000,성남,Customer 108.0
47.0,3,1587000,울산,Customer 47.0
13.0,1,1549000,울산,Customer 13.0
8.0,2,1532000,수원,Customer 8.0
104.0,2,1496000,광주,Customer 104.0
125.0,2,1470000,수원,Customer 125.0
93.0,2,1460000,대전,Customer 93.0
121.0,2,1445000,서울,Customer 121.0
123.0,1,1436000,서울,Customer 123.0
137.0,2,1395000,울산,Customer 137.0
6.0,2,1349000,성남,Customer 6.0
39.0,1,1298000,대구,Customer 39.0
149.0,1,1295000,부산,Customer 149.0
141.0,1,1241000,광주,Customer 141.0
41.0,1,1229000,대구,Customer 41.0
84.0,1,1197000,성남,Customer 84.0
7.0,1,1173000,인천,Customer 7.0
115.0,1,1173000,부산,Customer 115.0
129.0,1,1142000,대구,Customer 129.0
9.0,2,1132000,서울,Customer 9.0
133.0,1,1098000,성남,Customer 133.0
119.0,1,1064000,대전,Customer 119.0
58.0,1,1059000,성남,Customer 58.0
145.0,3,1032000,성남,Customer 145.0
140.0,2,1029000,인천,Customer 140.0
124.0,2,1000000,대구,Customer 124.0
146.0,1,1000000,성남,Customer 146.0
76.0,1,996000,울산,Customer 76.0
116.0,2,937000,부산,Customer 116.0
70.0,1,924000,성남,Customer 70.0
103.0,1,923000,인천,Customer 103.0
14.0,1,905000,대전,Customer 14.0
98.0,2,898000,인천,Customer 98.0
28.0,1,881000,성남,Customer 28.0
27.0,2,862000,수원,Customer 27.0
99.0,1,860000,고양,Customer 99.0
55.0,1,837000,광주,Customer 55.0
110.0,1,804000,부산,Customer 110.0
95.0,1,760000,성남,Customer 95.0
26.0,1,735000,대구,Customer 26.0
122.0,2,734000,울산,Customer 122.0
68.0,2,643000,서울,Customer 68.0
4.0,1,603000,울산,Customer 4.0
113.0,1,579000,성남,Customer 113.0
86.0,1,569000,수원,Customer 86.0
21.0,1,526000,인천,Customer 21.0
22.0,1,512000,광주,Customer 22.0
36.0,1,471000,성남,Customer 36.0
91.0,2,456000,인천,Customer 91.0
12.0,1,396000,대전,Customer 12.0
71.0,1,394000,수원,Customer 71.0
138.0,1,350000,대구,Customer 138.0
118.0,1,344000,광주,Customer 118.0
31.0,1,306000,광주,Customer 31.0
62.0,1,292000,광주,Customer 62.0
148.0,1,271000,고양,Customer 148.0
92.0,1,267000,서울,Customer 92.0
49.0,1,262000,대구,Customer 49.0
15.0,1,252000,서울,Customer 15.0
69.0,2,130000,서울,Customer 69.0
80.0,1,118000,인천,Customer 80.0
112.0,2,112000,성남,Customer 112.0
